1648866642011266_1962825497282044,2017-06-11T03:50:14+0000,photo,220
1648866642011266_1962404480657479,2017-06-10T08:40:14+0000,photo,81
1648866642011266_1961415300756397,2017-06-08T05:12:05+0000,photo,481
1648866642011266_1961180360779891,2017-06-07T15:58:33+0000,photo,119
1648866642011266_1961148414116419,2017-06-07T14:22:12+0000,status,289
1648866642011266_1960942424137018,2017-06-07T03:28:14+0000,photo,229
1648866642011266_1957741631123764,2017-05-31T06:04:15+0000,status,17
1648866642011266_1957436744487586,2017-05-30T13:28:26+0000,link,20
1648866642011266_1955169251381002,2017-05-25T14:18:17+0000,photo,87
1648866642011266_1953747094856551,2017-05-22T16:10:58+0000,photo,11
1648866642011266_1951691851728742,2017-05-18T13:21:30+0000,link,2
1648866642011266_1950080288556565,2017-05-15T06:25:02+0000,video,7
1648866642011266_1949573501940577,2017-05-14T04:50:06+0000,video,4
1648866642011266_1948368068727787,2017-05-11T16:44:10+0000,status,14
1648866642011266_1946317275599533,2017-05-07T07:39:06+0000,link,2
1648866642011266_1944486769115917,2017-05-03T11:29:15+0000,photo,7
1648866642011266_1944455009119093,2017-05-03T09:46:24+0000,photo,126
1648866642011266_1942586815972579,2017-04-29T12:53:09+0000,link,7
1648866642011266_1939421352955792,2017-04-22T21:21:30+0000,link,9
1648866642011266_1939281499636444,2017-04-22T16:26:30+0000,photo,77
1648866642011266_1937955626435698,2017-04-20T04:53:33+0000,video,12
1648866642011266_1933225213575406,2017-04-11T15:44:11+0000,photo,8
1648866642011266_1932198850344709,2017-04-09T22:02:11+0000,status,41
1648866642011266_1932068623691065,2017-04-09T18:21:10+0000,photo,106
1648866642011266_1931706387060622,2017-04-09T07:55:41+0000,status,33
1648866642011266_1931340620430532,2017-04-08T16:18:04+0000,photo,202
1648866642011266_1930809837150277,2017-04-07T19:52:49+0000,video,20
1648866642011266_1930749130489681,2017-04-07T17:29:34+0000,photo,63
1648866642011266_1930749717156289,2017-04-07T17:29:33+0000,photo,91
1648866642011266_1930749583822969,2017-04-07T17:29:33+0000,photo,76
1648866642011266_1930428897188371,2017-04-07T08:40:45+0000,link,11
1648866642011266_1928019364095991,2017-04-03T08:19:57+0000,photo,14
1648866642011266_1926452917585969,2017-03-31T07:10:38+0000,photo,10
1648866642011266_1914911882073406,2017-03-07T06:57:46+0000,status,10
1648866642011266_1914543792110215,2017-03-04T06:30:00+0000,photo,21
1648866642011266_1904979416399986,2017-03-04T02:53:00+0000,photo,21
1648866642011266_1911350122429582,2017-02-27T14:17:23+0000,photo,8
1648866642011266_1910986879132573,2017-02-26T16:34:19+0000,photo,113
1648866642011266_1909924025905525,2017-02-24T12:16:52+0000,status,103
1648866642011266_1909921569239104,2017-02-24T12:11:22+0000,status,166
1648866642011266_1909811545916773,2017-02-24T06:32:37+0000,photo,73
1648866642011266_1904964326401495,2017-02-14T16:02:36+0000,photo,14
1648866642011266_1904442063120388,2017-02-13T14:57:19+0000,video,10
1648866642011266_1904979416399986,2017-02-12T18:30:00+0000,photo,21
1648866642011266_1903123049918956,2017-02-10T16:58:48+0000,photo,18
1648866642011266_1903048376593090,2017-02-10T14:11:31+0000,photo,14
1648866642011266_1901980340033227,2017-02-08T05:22:14+0000,photo,3
1648866642011266_1899686726929255,2017-02-03T10:26:53+0000,photo,84
1648866642011266_1898052390426022,2017-01-31T04:27:33+0000,photo,260
1648866642011266_1897353220495939,2017-01-29T17:39:26+0000,video,32
1648866642011266_1897325467165381,2017-01-29T16:30:44+0000,status,21
1648866642011266_1897331237164804,2017-01-29T15:24:34+0000,status,41
1648866642011266_1897237467174181,2017-01-29T13:30:01+0000,status,52
1648866642011266_1895663710664890,2017-01-26T12:15:37+0000,photo,11
1648866642011266_1894086214155973,2017-01-23T18:36:30+0000,photo,48
1648866642011266_1894043594160235,2017-01-23T16:57:43+0000,video,23
1648866642011266_1893938170837444,2017-01-23T13:22:43+0000,status,22
1648866642011266_1891014081129853,2017-01-18T04:01:03+0000,status,10
1648866642011266_1894058744158720,2017-01-15T06:30:00+0000,photo,0
1648866642011266_1886087144955880,2017-01-07T11:32:03+0000,photo,3
1648866642011266_1885674401663821,2017-01-06T14:11:16+0000,link,15
1648866642011266_1885644745000120,2017-01-06T12:42:44+0000,status,10
1648866642011266_1884958071735454,2017-01-05T03:16:17+0000,photo,5
765160130251854_937259779708554,2017-01-04T19:14:51+0000,photo,46
1648866642011266_1884752285089366,2017-01-04T17:02:19+0000,status,1
1648866642011266_1884743175090277,2017-01-04T16:38:53+0000,video,31
1648866642011266_1884641328433795,2017-01-04T11:43:30+0000,status,90
1648866642011266_1884343298463598,2017-01-03T20:00:37+0000,photo,0
1648866642011266_1883305615234033,2017-01-01T08:04:17+0000,status,145
1648866642011266_1882939311937330,2016-12-31T19:16:24+0000,status,25
1648866642011266_1881694948728433,2016-12-29T04:03:41+0000,photo,35
1648866642011266_1880093632221898,2016-12-25T14:50:22+0000,photo,139
1648866642011266_1879615185603076,2016-12-24T13:25:46+0000,photo,98
1648866642011266_1880064838891444,2016-12-24T06:30:00+0000,photo,209
1648866642011266_1878510849046843,2016-12-22T02:56:24+0000,status,27
1648866642011266_1878281092403152,2016-12-21T14:06:47+0000,photo,15
1648866642011266_1875821999315728,2016-12-16T04:44:54+0000,photo,29
1648866642011266_1875257639372164,2016-12-15T06:52:47+0000,video,11
1648866642011266_1870483809849547,2016-12-07T09:19:30+0000,photo,5
1648866642011266_1868031540094774,2016-12-02T15:53:27+0000,photo,8
1648866642011266_1867873223443939,2016-12-02T08:24:45+0000,photo,12
1648866642011266_1867521710145757,2016-12-01T16:40:08+0000,photo,80
1648866642011266_1864733807091214,2016-11-26T05:59:14+0000,status,8
1648866642011266_1862827017281893,2016-11-22T12:11:42+0000,photo,3
1648866642011266_1861453274085934,2016-11-19T18:20:47+0000,link,3
1648866642011266_1860116850886243,2016-11-16T20:05:02+0000,link,8
1648866642011266_1858671104364151,2016-11-13T16:34:14+0000,video,13
1648866642011266_1856061797958415,2016-11-08T17:04:21+0000,photo,18
1648866642011266_1853845778180017,2016-11-04T16:27:51+0000,status,29
1648866642011266_1853636128200982,2016-11-04T09:11:03+0000,status,22
1648866642011266_1852551908309404,2016-11-02T09:37:20+0000,video,21
1648866642011266_1851875558377039,2016-11-01T05:37:20+0000,photo,106
1648866642011266_1849216795309582,2016-10-27T11:35:06+0000,status,9
1648866642011266_1848585265372735,2016-10-26T09:36:26+0000,photo,20
1648866642011266_1846018378962757,2016-10-22T05:48:39+0000,photo,3
1648866642011266_1845382922359636,2016-10-21T04:46:35+0000,photo,29
1648866642011266_1840768892821039,2016-10-13T12:03:33+0000,photo,2
1648866642011266_1839655776265684,2016-10-11T09:47:15+0000,photo,5
1648866642011266_1839163086314953,2016-10-10T10:03:42+0000,status,11
1648866642011266_1835543876676874,2016-10-03T14:08:14+0000,status,19
1648866642011266_1833486863549242,2016-09-29T12:08:21+0000,photo,2
1648866642011266_1831535980410997,2016-09-25T04:58:50+0000,link,5
1648866642011266_1831514583746470,2016-09-25T03:49:30+0000,link,2
1648866642011266_1831125467118715,2016-09-24T08:20:42+0000,status,47
1648866642011266_1829427653955163,2016-09-20T16:03:10+0000,photo,19
1648866642011266_1821493541415241,2016-09-03T06:42:42+0000,photo,3
1648866642011266_1818762838354978,2016-08-28T14:17:39+0000,photo,47
1648866642011266_1811331895764739,2016-08-13T01:49:04+0000,photo,93
1648866642011266_1808718552692740,2016-08-07T09:08:20+0000,photo,59
1648866642011266_1808173346080594,2016-08-06T05:22:31+0000,photo,50
1648866642011266_1808096616088267,2016-08-06T01:19:53+0000,photo,4
1648866642011266_1806935109537751,2016-08-03T13:01:38+0000,photo,16
1648866642011266_1805543579676904,2016-07-31T11:43:10+0000,photo,19
1648866642011266_1803687043195891,2016-07-27T08:54:00+0000,video,5
1648866642011266_1794797427418186,2016-07-06T18:58:17+0000,photo,16
1648866642011266_1794797407418188,2016-07-06T18:57:32+0000,photo,31
1648866642011266_1794797387418190,2016-07-06T18:57:14+0000,photo,5
1648866642011266_1794797370751525,2016-07-06T18:56:27+0000,photo,6
1648866642011266_1794797357418193,2016-07-06T18:52:08+0000,photo,8
1648866642011266_1794797347418194,2016-07-06T18:51:39+0000,photo,5
1648866642011266_1794797340751528,2016-07-06T18:51:23+0000,photo,5
1648866642011266_1794797307418198,2016-07-06T18:50:33+0000,photo,5
1648866642011266_1794797294084866,2016-07-06T18:50:06+0000,photo,5
1648866642011266_1794797284084867,2016-07-06T18:49:41+0000,photo,15
1648866642011266_1794797274084868,2016-07-06T18:49:06+0000,photo,4
1648866642011266_1789243514640244,2016-06-23T04:12:50+0000,photo,3
1648866642011266_1788648811366381,2016-06-21T14:42:01+0000,photo,55
1648866642011266_1782305792000683,2016-06-07T15:15:56+0000,photo,20
1648866642011266_1782247815339814,2016-06-07T12:11:50+0000,photo,35
1648866642011266_1778615812369681,2016-05-29T12:16:42+0000,photo,60
1648866642011266_1777540985810497,2016-05-26T15:13:20+0000,link,1
1648866642011266_1769718786592717,2016-05-06T15:31:42+0000,status,41
1648866642011266_1766414403589822,2016-04-27T16:39:37+0000,photo,31
1648866642011266_1765576067006989,2016-04-25T15:10:18+0000,photo,157
1648866642011266_1765424207022175,2016-04-25T06:59:16+0000,photo,120
1648866642011266_1765419730355956,2016-04-25T06:43:29+0000,photo,17
1648866642011266_1765419650355964,2016-04-25T06:43:09+0000,photo,4
1648866642011266_1765423817022214,2016-04-25T06:42:54+0000,photo,41
1648866642011266_1765419420355987,2016-04-25T06:42:29+0000,photo,2
1648866642011266_1765419353689327,2016-04-25T06:42:20+0000,photo,2
1648866642011266_1765423823688880,2016-04-25T06:40:34+0000,photo,41
1648866642011266_1765241917040404,2016-04-24T16:13:54+0000,status,110
1648866642011266_1765135453717717,2016-04-24T10:55:52+0000,status,70
1648866642011266_1765109550386974,2016-04-24T09:05:50+0000,photo,64
1648866642011266_1765079417056654,2016-04-24T07:07:53+0000,photo,128
1648866642011266_1765133640384565,2016-04-23T18:04:14+0000,photo,32
1648866642011266_1764895647075031,2016-04-23T17:39:42+0000,photo,125
1648866642011266_1764895600408369,2016-04-23T17:39:37+0000,photo,7
1648866642011266_1764891670408762,2016-04-23T17:22:08+0000,photo,34
1648866642011266_1764106047153991,2016-04-21T18:25:10+0000,status,11
1648866642011266_1763285860569343,2016-04-19T16:22:07+0000,photo,6
1648866642011266_1763070197257576,2016-04-19T02:44:24+0000,photo,8
1648866642011266_1762331967331399,2016-04-17T05:05:31+0000,link,2
1648866642011266_1762328077331788,2016-04-17T04:45:51+0000,link,3
1648866642011266_1762098147354781,2016-04-16T14:12:53+0000,link,4
1648866642011266_1759651440932785,2016-04-10T01:47:50+0000,video,1
1648866642011266_1759408710957058,2016-04-09T12:00:33+0000,photo,67
1648866642011266_1758891134342149,2016-04-08T05:32:12+0000,link,3
1648866642011266_1758689844362278,2016-04-07T15:47:46+0000,photo,67
1648866642011266_1757019547862641,2016-04-03T05:53:28+0000,photo,2
1648866642011266_1756746131223316,2016-04-02T14:34:52+0000,photo,171
1648866642011266_1756266584604604,2016-04-01T13:01:25+0000,photo,121
1648866642011266_1753974708167125,2016-03-28T12:09:09+0000,status,24
1648866642011266_1752875104943752,2016-03-26T15:20:01+0000,photo,3
1648866642011266_1752627388301857,2016-03-26T07:02:34+0000,status,15
1648866642011266_1751630535068209,2016-03-24T12:11:21+0000,photo,1
1648866642011266_1751628125068450,2016-03-24T12:05:04+0000,link,2
1648866642011266_1751079328456663,2016-03-23T11:56:56+0000,link,4
1648866642011266_1750187925212470,2016-03-21T17:43:46+0000,photo,2
1648866642011266_1750148328549763,2016-03-21T16:20:27+0000,photo,4
1648866642011266_1749091275322135,2016-03-19T04:27:27+0000,link,2
1648866642011266_1746001228964473,2016-03-11T14:27:56+0000,photo,56
1648866642011266_1745776772320252,2016-03-11T00:53:13+0000,video,5
1648866642011266_1744744962423433,2016-03-07T20:30:26+0000,link,1
1648866642011266_1744740765757186,2016-03-07T20:07:06+0000,link,3
1648866642011266_1744540179110578,2016-03-07T04:28:04+0000,photo,18
1648866642011266_1743556882542241,2016-03-04T05:56:27+0000,link,4
1648866642011266_1743556085875654,2016-03-04T05:51:12+0000,video,1
1648866642011266_1741273346103928,2016-02-28T07:56:05+0000,photo,53
1648866642011266_1741248572773072,2016-02-28T05:07:45+0000,photo,88
1648866642011266_1739091056322157,2016-02-21T17:44:18+0000,photo,30
1648866642011266_469046099956938,2016-02-20T16:38:24+0000,photo,1
1648866642011266_1737567889807807,2016-02-17T10:15:18+0000,photo,88
1648866642011266_1737488803149049,2016-02-17T02:27:23+0000,photo,19
1648866642011266_1737326146498648,2016-02-16T15:41:17+0000,photo,18
1648866642011266_1736666089897987,2016-02-14T12:43:13+0000,photo,4
1648866642011266_1736664926564770,2016-02-14T12:38:50+0000,link,5
1648866642011266_1736375196593743,2016-02-13T14:22:18+0000,photo,81
1648866642011266_1733925166838746,2016-02-06T15:19:10+0000,photo,58
1648866642011266_1731279613769968,2016-01-29T07:01:37+0000,photo,9
1648866642011266_1731279523769977,2016-01-29T07:00:45+0000,photo,3
1648866642011266_1730410310523565,2016-01-26T13:11:31+0000,photo,100
1648866642011266_1729910927240170,2016-01-24T18:36:22+0000,photo,19
1648866642011266_1730035750561021,2016-01-24T06:30:00+0000,photo,90
1648866642011266_1729578827273380,2016-01-23T17:42:43+0000,photo,40
1648866642011266_1729298533968076,2016-01-22T18:25:53+0000,photo,78
1648866642011266_1729119950652601,2016-01-22T05:29:35+0000,photo,6
1648866642011266_1727609740803622,2016-01-17T07:51:26+0000,photo,107
1648866642011266_1727603914137538,2016-01-17T07:15:27+0000,photo,49
1648866642011266_1727421364155793,2016-01-16T16:59:14+0000,photo,110
1648866642011266_1726562134241716,2016-01-13T16:30:24+0000,photo,54
1648866642011266_1725569297674333,2016-01-10T15:16:51+0000,photo,71
1648866642011266_1723668261197770,2016-01-04T17:52:34+0000,status,1
1648866642011266_1097134867013173,2016-01-03T18:48:00+0000,photo,23
1648866642011266_1723288411235755,2016-01-03T08:46:25+0000,photo,55
1648866642011266_1723212834576646,2016-01-03T05:49:57+0000,photo,108
1648866642011266_1723196974578232,2016-01-03T04:06:38+0000,photo,3
1648866642011266_1723181917913071,2016-01-03T02:47:23+0000,photo,49
1648866642011266_1723170894580840,2016-01-03T01:26:25+0000,photo,0
1648866642011266_1722513651313231,2016-01-01T01:03:12+0000,video,3
1648866642011266_1722411787990084,2015-12-31T19:15:08+0000,status,24
1648866642011266_1722404127990850,2015-12-31T18:47:44+0000,status,19
1648866642011266_1721828491381747,2015-12-30T06:10:07+0000,status,60
1648866642011266_1721807531383843,2015-12-30T04:02:38+0000,photo,134
1648866642011266_1721639801400616,2015-12-29T13:49:41+0000,photo,92
1648866642011266_1721612208070042,2015-12-29T11:55:08+0000,photo,76
1648866642011266_1720660994831830,2015-12-27T01:40:19+0000,photo,50
1648866642011266_1720464741518122,2015-12-26T17:25:13+0000,photo,74
1648866642011266_1720450298186233,2015-12-26T16:32:59+0000,photo,99
1648866642011266_1717598605138069,2015-12-20T06:22:52+0000,photo,90
1648866642011266_1716543915243538,2015-12-16T16:55:50+0000,photo,74
1648866642011266_1716500031914593,2015-12-16T14:22:11+0000,status,20
1648866642011266_1716167835281146,2015-12-15T14:01:47+0000,photo,17
1648866642011266_1715101942054402,2015-12-11T15:48:00+0000,photo,71
1648866642011266_1714509188780344,2015-12-09T12:34:03+0000,status,36
1648866642011266_1712479498983313,2015-12-01T15:50:12+0000,link,5
1648866642011266_1712477522316844,2015-12-01T15:39:19+0000,link,5
1648866642011266_1711841712380425,2015-11-29T07:01:22+0000,status,49
1648866642011266_1709604345937495,2015-11-20T14:22:43+0000,photo,109
1648866642011266_1708029469428316,2015-11-14T08:01:29+0000,photo,50
1648866642011266_1705319409699322,2015-11-04T07:48:18+0000,photo,74
1648866642011266_1702393879991875,2015-10-22T20:27:01+0000,photo,54
1648866642011266_1702036456694284,2015-10-21T06:14:30+0000,photo,102
1648866642011266_1698515157046414,2015-10-07T19:17:34+0000,photo,17
1648866642011266_1698197790411484,2015-10-04T14:30:02+0000,photo,86
1648866642011266_1696408237257106,2015-09-29T10:20:24+0000,photo,19
1648866642011266_1695488980682365,2015-09-25T15:18:11+0000,status,83
1648866642011266_1691561937741736,2015-09-12T17:53:03+0000,photo,102
1648866642011266_1691494041081859,2015-09-12T13:29:49+0000,photo,26
1648866642011266_1690064201224843,2015-09-08T13:29:49+0000,status,22
1648866642011266_1686605354904061,2015-08-30T14:08:44+0000,status,12
1648866642011266_1686498398248090,2015-08-30T07:36:15+0000,photo,45
1648866642011266_1685652578332672,2015-08-28T09:51:50+0000,photo,2
1648866642011266_1684240811807182,2015-08-25T01:12:23+0000,status,18
1648866642011266_1682392075325389,2015-08-20T02:39:34+0000,status,20
1648866642011266_1680889182142345,2015-08-15T00:46:33+0000,photo,19
1648866642011266_1679219645642632,2015-08-11T04:43:57+0000,status,24
1648866642011266_1676814495883147,2015-08-06T10:37:12+0000,photo,64
1648866642011266_1675720205992576,2015-08-02T13:22:03+0000,photo,68
1648866642011266_1675340406030556,2015-08-02T12:56:49+0000,photo,90
1648866642011266_1675307906033806,2015-08-02T10:03:06+0000,photo,120
1648866642011266_1674009726163624,2015-07-29T10:21:40+0000,status,5
1648866642011266_1674004956164101,2015-07-29T09:44:03+0000,link,3
1648866642011266_1671267143104549,2015-07-21T15:57:07+0000,photo,148
1648866642011266_1668498926714704,2015-07-12T13:21:18+0000,photo,45
1648866642011266_1668498920048038,2015-07-12T13:21:09+0000,photo,11
1648866642011266_1668498913381372,2015-07-12T13:21:00+0000,photo,10
1648866642011266_1668498900048040,2015-07-12T13:20:51+0000,photo,12
1648866642011266_1665756600322270,2015-07-03T01:23:49+0000,photo,48
1648866642011266_1660044237560173,2015-07-01T07:00:00+0000,link,26
1648866642011266_1664518320446098,2015-06-28T13:30:28+0000,photo,24
1648866642011266_1660490630848867,2015-06-18T06:13:05+0000,photo,39
1648866642011266_1657964691101461,2015-06-11T09:09:54+0000,status,12
1648866642011266_1656172617947335,2015-06-06T06:07:04+0000,photo,14
1648866642011266_1655426014688662,2015-06-03T15:47:57+0000,photo,59
1648866642011266_1652757064955557,2015-05-28T04:57:32+0000,status,6
1648866642011266_1652298945001369,2015-05-27T06:13:48+0000,status,6
1648866642011266_1650195681878362,2015-05-21T12:18:29+0000,photo,8
1648866642011266_1647819175449346,2015-05-18T03:12:37+0000,photo,11
1648866642011266_1646239295607334,2015-05-13T01:55:45+0000,status,0
1648866642011266_1727661214131808,2015-05-03T06:58:00+0000,photo,86
1648866642011266_1652777181620212,2015-05-01T10:44:51+0000,photo,82
1648866642011266_1641294916101772,2015-04-28T13:07:31+0000,link,5
1648866642011266_1560105550887376,2015-04-26T05:23:11+0000,photo,54
1648866642011266_1639887686242495,2015-04-26T03:51:18+0000,photo,13
885408614886758_808258165935137,2015-04-17T12:28:45+0000,photo,60
1648866642011266_1635912916639972,2015-04-17T08:04:29+0000,photo,99
1648866642011266_1635627493335181,2015-04-16T18:29:05+0000,photo,28
1648866642011266_1631698150394782,2015-04-07T16:11:53+0000,video,7
1648866642011266_1631107733787157,2015-04-06T04:42:58+0000,status,28
1648866642011266_1644532622444668,2015-04-02T14:25:07+0000,photo,42
1648866642011266_1629729597258304,2015-04-02T14:23:41+0000,photo,15
1648866642011266_1688447228053207,2015-03-31T19:00:00+0000,link,0
1648866642011266_1629002587331005,2015-03-31T13:12:23+0000,photo,40
1648866642011266_1628752224022708,2015-03-30T17:57:16+0000,photo,91
1648866642011266_1628192084078722,2015-03-29T10:41:20+0000,link,5
1648866642011266_1627785484119382,2015-03-28T14:35:16+0000,status,5
1648866642011266_1625392437692020,2015-03-22T09:19:10+0000,photo,52
1648866642011266_1624208531143744,2015-03-19T09:42:35+0000,link,3
1648866642011266_1623979934499937,2015-03-18T16:32:37+0000,photo,34
1648866642011266_1621843228046941,2015-03-13T14:28:04+0000,link,0
1648866642011266_1616002828630981,2015-03-01T05:53:21+0000,status,23
475954339252747_406055946242587,2015-02-18T09:35:08+0000,photo,21
1648866642011266_1611266942437903,2015-02-17T04:05:16+0000,photo,42
1648866642011266_1611083239122940,2015-02-16T15:41:37+0000,photo,4
1648866642011266_1611073795790551,2015-02-16T15:19:26+0000,photo,63
1648866642011266_1602261676671763,2015-01-27T13:01:43+0000,photo,17
1648866642011266_1592503380980926,2015-01-04T17:26:49+0000,status,1
1648866642011266_337573066437576,2015-01-03T23:40:05+0000,photo,3
1648866642011266_1590433724521225,2014-12-31T19:29:32+0000,photo,10
1648866642011266_1590181787879752,2014-12-31T07:54:27+0000,photo,106
1648866642011266_1588535044711093,2014-12-27T15:42:45+0000,photo,14
1648866642011266_1587414648156466,2014-12-25T22:37:00+0000,link,1
1648866642011266_1584689891762275,2014-12-20T20:05:54+0000,link,2
1648866642011266_1575186906045907,2014-11-30T11:32:49+0000,photo,67
1648866642011266_1560105574220707,2014-10-25T15:21:05+0000,photo,54
1648866642011266_1559404210957510,2014-10-23T18:14:00+0000,photo,18
1648866642011266_1551434915087773,2014-10-06T22:23:30+0000,photo,20
1648866642011266_1551389151759016,2014-10-06T19:39:34+0000,photo,23
1648866642011266_1549623998602198,2014-10-03T04:59:28+0000,photo,5
1648866642011266_1549623765268888,2014-10-03T04:58:35+0000,photo,22
1648866642011266_1547482132149718,2014-09-29T05:59:23+0000,status,4
1648866642011266_1546352985595966,2014-09-27T13:57:53+0000,status,6
1648866642011266_1546185978946000,2014-09-27T07:35:09+0000,status,6
1648866642011266_1546146418949956,2014-09-27T05:52:18+0000,status,12
1648866642011266_1546035292294402,2014-09-27T00:07:22+0000,photo,28
1648866642011266_1545232779041320,2014-09-25T14:27:46+0000,status,2
1648866642011266_1543815645849700,2014-09-23T03:19:34+0000,status,0
1648866642011266_1543759895855275,2014-09-23T00:39:11+0000,photo,3
1648866642011266_1543757982522133,2014-09-23T00:30:49+0000,photo,22
1648866642011266_1831126873785241,2014-08-07T15:42:37+0000,photo,26
1648866642011266_1831126970451898,2014-07-02T14:44:31+0000,photo,31
475954339252747_290536281127888,2014-07-02T14:44:31+0000,photo,54
1648866642011266_1831126747118587,2014-07-02T14:44:31+0000,photo,0
1648866642011266_1543778759186722,2014-02-10T01:00:26+0000,photo,19
1648866642011266_1545658882332043,2014-01-31T01:41:29+0000,photo,10
1648866642011266_1543779022520029,2014-01-11T13:24:28+0000,photo,24
1648866642011266_1722516924646237,2013-12-31T20:00:00+0000,link,0
1648866642011266_1688447228053207,2013-06-01T07:00:00+0000,link,0
1648866642011266_1843014522596476,2013-04-14T15:08:02+0000,photo,114
1648866642011266_1722516924646237,2002-01-01T08:00:00+0000,link,0
1648866642011266_1543755805855684,1997-01-04T08:00:00+0000,link,1
